-- phpMyAdmin SQL Dump
-- version 5.2.0
-- https://www.phpmyadmin.net/
--
-- Host: 127.0.0.1
-- Generation Time: Jul 10, 2023 at 11:39 AM
-- Server version: 10.4.24-MariaDB
-- PHP Version: 8.1.6

SET SQL_MODE = "NO_AUTO_VALUE_ON_ZERO";
START TRANSACTION;
SET time_zone = "+00:00";


/*!40101 SET @OLD_CHARACTER_SET_CLIENT=@@CHARACTER_SET_CLIENT */;
/*!40101 SET @OLD_CHARACTER_SET_RESULTS=@@CHARACTER_SET_RESULTS */;
/*!40101 SET @OLD_COLLATION_CONNECTION=@@COLLATION_CONNECTION */;
/*!40101 SET NAMES utf8mb4 */;

--
-- Database: `spk_saw`
--

-- --------------------------------------------------------

--
-- Table structure for table `alternatif`
--

CREATE TABLE `alternatif` (
  `id` bigint(20) UNSIGNED NOT NULL,
  `nama_alternatif` varchar(255) COLLATE utf8mb4_unicode_ci NOT NULL,
  `created_at` timestamp NULL DEFAULT NULL,
  `updated_at` timestamp NULL DEFAULT NULL
) ENGINE=InnoDB DEFAULT CHARSET=utf8mb4 COLLATE=utf8mb4_unicode_ci;

--
-- Dumping data for table `alternatif`
--

INSERT INTO `alternatif` (`id`, `nama_alternatif`, `created_at`, `updated_at`) VALUES
(1, 'Acer Aspire 5', '2023-07-10 00:17:13', '2023-07-10 00:17:13'),
(2, 'Acer Nitro 5', '2023-07-10 00:17:20', '2023-07-10 00:17:20'),
(3, 'Acer Predator Helios 300', '2023-07-10 00:17:26', '2023-07-10 00:17:26'),
(4, 'Acer Swift 3', '2023-07-10 00:17:33', '2023-07-10 00:17:33'),
(5, 'Apple MacBook Air', '2023-07-10 00:17:39', '2023-07-10 00:17:39'),
(6, 'Apple MacBook Pro', '2023-07-10 00:17:45', '2023-07-10 00:17:45'),
(7, 'Asus ROG Strix G15', '2023-07-10 00:17:51', '2023-07-10 00:17:51'),
(8, 'Asus ROG Zephyrus G14', '2023-07-10 00:17:57', '2023-07-10 00:17:57'),
(9, 'Asus ROG Zephyrus M15', '2023-07-10 00:18:03', '2023-07-10 00:18:03'),
(10, 'Asus TUF Gaming F15', '2023-07-10 00:18:09', '2023-07-10 00:18:09'),
(11, 'Asus VivoBook S14', '2023-07-10 00:18:15', '2023-07-10 00:18:15'),
(12, 'Asus ZenBook 14', '2023-07-10 00:18:21', '2023-07-10 00:18:21'),
(13, 'Asus ZenBook Pro Duo', '2023-07-10 00:18:40', '2023-07-10 00:18:40'),
(14, 'Dell G5 15', '2023-07-10 00:18:51', '2023-07-10 00:18:51'),
(15, 'Dell Inspiron 15', '2023-07-10 00:18:57', '2023-07-10 00:18:57'),
(16, 'Dell Latitude 7400', '2023-07-10 00:19:03', '2023-07-10 00:19:03'),
(17, 'Dell Vostro 14', '2023-07-10 00:19:07', '2023-07-10 00:19:07'),
(18, 'Dell XPS 15', '2023-07-10 00:19:11', '2023-07-10 00:19:11'),
(19, 'HP EliteBook 840', '2023-07-10 00:19:15', '2023-07-10 00:19:15'),
(20, 'HP Omen 15', '2023-07-10 00:19:19', '2023-07-10 00:19:19'),
(21, 'HP Pavilion 14', '2023-07-10 00:19:25', '2023-07-10 00:19:25'),
(22, 'HP Pavilion Gaming 15', '2023-07-10 00:19:30', '2023-07-10 00:19:30'),
(23, 'HP ProBook 450', '2023-07-10 00:19:44', '2023-07-10 00:19:44'),
(24, 'HP Spectre x360', '2023-07-10 00:19:48', '2023-07-10 00:19:48'),
(25, 'Lenovo IdeaPad Flex 5', '2023-07-10 00:19:52', '2023-07-10 00:19:52'),
(26, 'Lenovo Legion 5', '2023-07-10 00:19:55', '2023-07-10 00:19:55'),
(27, 'Lenovo ThinkBook 14', '2023-07-10 00:20:00', '2023-07-10 00:20:00'),
(28, 'Lenovo ThinkPad X1 Carbon', '2023-07-10 00:20:03', '2023-07-10 00:20:03'),
(29, 'Lenovo Yoga C940', '2023-07-10 00:20:07', '2023-07-10 00:20:07'),
(30, 'Lenovo Yoga Slim 7', '2023-07-10 00:20:14', '2023-07-10 00:20:14');

-- --------------------------------------------------------

--
-- Table structure for table `failed_jobs`
--

CREATE TABLE `failed_jobs` (
  `id` bigint(20) UNSIGNED NOT NULL,
  `uuid` varchar(255) COLLATE utf8mb4_unicode_ci NOT NULL,
  `connection` text COLLATE utf8mb4_unicode_ci NOT NULL,
  `queue` text COLLATE utf8mb4_unicode_ci NOT NULL,
  `payload` longtext COLLATE utf8mb4_unicode_ci NOT NULL,
  `exception` longtext COLLATE utf8mb4_unicode_ci NOT NULL,
  `failed_at` timestamp NOT NULL DEFAULT current_timestamp()
) ENGINE=InnoDB DEFAULT CHARSET=utf8mb4 COLLATE=utf8mb4_unicode_ci;

-- --------------------------------------------------------

--
-- Table structure for table `kriteria`
--

CREATE TABLE `kriteria` (
  `id` bigint(20) UNSIGNED NOT NULL,
  `kode` varchar(191) COLLATE utf8mb4_unicode_ci NOT NULL,
  `nama_kriteria` varchar(191) COLLATE utf8mb4_unicode_ci NOT NULL,
  `attribut` varchar(191) COLLATE utf8mb4_unicode_ci NOT NULL,
  `bobot` float NOT NULL,
  `created_at` timestamp NULL DEFAULT NULL,
  `updated_at` timestamp NULL DEFAULT NULL
) ENGINE=InnoDB DEFAULT CHARSET=utf8mb4 COLLATE=utf8mb4_unicode_ci;

--
-- Dumping data for table `kriteria`
--

INSERT INTO `kriteria` (`id`, `kode`, `nama_kriteria`, `attribut`, `bobot`, `created_at`, `updated_at`) VALUES
(1, 'C1', 'Kapasitas RAM', 'Benefit', 13, '2023-07-09 21:29:38', '2023-07-09 21:29:38'),
(2, 'C2', 'Jenis Processor', 'Benefit', 8, '2023-07-09 21:30:27', '2023-07-09 21:30:27'),
(3, 'C3', 'Core & Thread Processor', 'Benefit', 15, '2023-07-09 21:30:52', '2023-07-09 21:30:52'),
(4, 'C4', 'Kapasitas Penyimpanan', 'Benefit', 13, '2023-07-09 21:31:14', '2023-07-09 21:31:14'),
(5, 'C5', 'Jenis Penyimpanan', 'Benefit', 13, '2023-07-09 21:31:34', '2023-07-09 21:31:34'),
(6, 'C6', 'Resolusi Layar', 'Benefit', 10, '2023-07-09 21:32:18', '2023-07-09 21:53:14'),
(7, 'C7', 'Berat', 'Cost', 8, '2023-07-09 21:32:44', '2023-07-09 21:34:03'),
(8, 'C8', 'Kapasitas Baterai', 'Benefit', 10, '2023-07-09 21:33:02', '2023-07-09 21:33:02'),
(9, 'C9', 'Harga', 'Cost', 10, '2023-07-09 21:33:37', '2023-07-09 21:33:37');

-- --------------------------------------------------------

--
-- Table structure for table `migrations`
--

CREATE TABLE `migrations` (
  `id` int(10) UNSIGNED NOT NULL,
  `migration` varchar(255) COLLATE utf8mb4_unicode_ci NOT NULL,
  `batch` int(11) NOT NULL
) ENGINE=InnoDB DEFAULT CHARSET=utf8mb4 COLLATE=utf8mb4_unicode_ci;

--
-- Dumping data for table `migrations`
--

INSERT INTO `migrations` (`id`, `migration`, `batch`) VALUES
(1, '2014_10_12_000000_create_users_table', 1),
(2, '2014_10_12_100000_create_password_reset_tokens_table', 1),
(3, '2019_08_19_000000_create_failed_jobs_table', 1),
(4, '2019_12_14_000001_create_personal_access_tokens_table', 1),
(5, '2023_07_02_071734_create_kriterias_table', 1),
(6, '2023_07_02_071754_create_alternatifs_table', 1),
(7, '2023_07_02_071832_create_crips_table', 1),
(8, '2023_07_04_084545_create_penilaians_table', 2);

-- --------------------------------------------------------

--
-- Table structure for table `password_reset_tokens`
--

CREATE TABLE `password_reset_tokens` (
  `email` varchar(191) COLLATE utf8mb4_unicode_ci NOT NULL,
  `token` varchar(191) COLLATE utf8mb4_unicode_ci NOT NULL,
  `created_at` timestamp NULL DEFAULT NULL
) ENGINE=InnoDB DEFAULT CHARSET=utf8mb4 COLLATE=utf8mb4_unicode_ci;

-- --------------------------------------------------------

--
-- Table structure for table `penilaian`
--

CREATE TABLE `penilaian` (
  `id` bigint(20) UNSIGNED NOT NULL,
  `alternatif_id` bigint(20) UNSIGNED NOT NULL,
  `subkriteria_id` bigint(20) UNSIGNED NOT NULL,
  `created_at` timestamp NULL DEFAULT NULL,
  `updated_at` timestamp NULL DEFAULT NULL
) ENGINE=InnoDB DEFAULT CHARSET=utf8mb4 COLLATE=utf8mb4_unicode_ci;

--
-- Dumping data for table `penilaian`
--

INSERT INTO `penilaian` (`id`, `alternatif_id`, `subkriteria_id`, `created_at`, `updated_at`) VALUES
(1, 1, 4, '2023-07-10 01:58:15', '2023-07-10 01:58:15'),
(2, 1, 9, '2023-07-10 01:58:15', '2023-07-10 01:58:15'),
(3, 1, 17, '2023-07-10 01:58:15', '2023-07-10 01:58:15'),
(4, 1, 25, '2023-07-10 01:58:15', '2023-07-10 01:58:15'),
(5, 1, 29, '2023-07-10 01:58:15', '2023-07-10 01:58:15'),
(6, 1, 31, '2023-07-10 01:58:15', '2023-07-10 01:58:15'),
(7, 1, 35, '2023-07-10 01:58:15', '2023-07-10 01:58:15'),
(8, 1, 41, '2023-07-10 01:58:15', '2023-07-10 01:58:15'),
(9, 1, 46, '2023-07-10 01:58:15', '2023-07-10 01:58:15'),
(10, 2, 3, '2023-07-10 01:58:15', '2023-07-10 01:58:15'),
(11, 2, 9, '2023-07-10 01:58:15', '2023-07-10 01:58:15'),
(12, 2, 17, '2023-07-10 01:58:15', '2023-07-10 01:58:15'),
(13, 2, 25, '2023-07-10 01:58:15', '2023-07-10 01:58:15'),
(14, 2, 29, '2023-07-10 01:58:15', '2023-07-10 01:58:15'),
(15, 2, 31, '2023-07-10 01:58:15', '2023-07-10 01:58:15'),
(16, 2, 34, '2023-07-10 01:58:15', '2023-07-10 01:58:15'),
(17, 2, 41, '2023-07-10 01:58:15', '2023-07-10 01:58:15'),
(18, 2, 46, '2023-07-10 01:58:15', '2023-07-10 01:58:15'),
(19, 3, 4, '2023-07-10 01:58:15', '2023-07-10 01:58:15'),
(20, 3, 10, '2023-07-10 01:58:15', '2023-07-10 01:58:15'),
(21, 3, 19, '2023-07-10 01:58:15', '2023-07-10 01:58:15'),
(22, 3, 26, '2023-07-10 01:58:15', '2023-07-10 01:58:15'),
(23, 3, 29, '2023-07-10 01:58:15', '2023-07-10 01:58:15'),
(24, 3, 31, '2023-07-10 01:58:15', '2023-07-10 01:58:15'),
(25, 3, 34, '2023-07-10 01:58:15', '2023-07-10 01:58:15'),
(26, 3, 41, '2023-07-10 01:58:15', '2023-07-10 01:58:15'),
(27, 3, 44, '2023-07-10 01:58:15', '2023-07-10 01:58:15'),
(28, 4, 3, '2023-07-10 01:58:15', '2023-07-10 01:58:15'),
(29, 4, 9, '2023-07-10 01:58:15', '2023-07-10 01:58:15'),
(30, 4, 17, '2023-07-10 01:58:15', '2023-07-10 01:58:15'),
(31, 4, 24, '2023-07-10 01:58:15', '2023-07-10 01:58:15'),
(32, 4, 29, '2023-07-10 01:58:15', '2023-07-10 01:58:15'),
(33, 4, 31, '2023-07-10 01:58:15', '2023-07-10 01:58:15'),
(34, 4, 34, '2023-07-10 01:58:15', '2023-07-10 01:58:15'),
(35, 4, 41, '2023-07-10 01:58:15', '2023-07-10 01:58:15'),
(36, 4, 46, '2023-07-10 01:58:15', '2023-07-10 01:58:15'),
(37, 5, 3, '2023-07-10 01:58:15', '2023-07-10 01:58:15'),
(38, 5, 50, '2023-07-10 01:58:15', '2023-07-10 01:58:15'),
(39, 5, 20, '2023-07-10 01:58:15', '2023-07-10 01:58:15'),
(40, 5, 24, '2023-07-10 01:58:15', '2023-07-10 01:58:15'),
(41, 5, 29, '2023-07-10 01:58:15', '2023-07-10 01:58:15'),
(42, 5, 32, '2023-07-10 01:58:15', '2023-07-10 01:58:15'),
(43, 5, 34, '2023-07-10 01:58:15', '2023-07-10 01:58:15'),
(44, 5, 41, '2023-07-10 01:58:15', '2023-07-10 01:58:15'),
(45, 5, 45, '2023-07-10 01:58:15', '2023-07-10 01:58:15'),
(46, 6, 4, '2023-07-10 01:58:15', '2023-07-10 01:58:15'),
(47, 6, 50, '2023-07-10 01:58:15', '2023-07-10 01:58:15'),
(48, 6, 20, '2023-07-10 01:58:15', '2023-07-10 01:58:15'),
(49, 6, 25, '2023-07-10 01:58:15', '2023-07-10 01:58:15'),
(50, 6, 29, '2023-07-10 01:58:15', '2023-07-10 01:58:15'),
(51, 6, 32, '2023-07-10 01:58:15', '2023-07-10 01:58:15'),
(52, 6, 34, '2023-07-10 01:58:15', '2023-07-10 01:58:15'),
(53, 6, 41, '2023-07-10 01:58:15', '2023-07-10 01:58:15'),
(54, 6, 43, '2023-07-10 01:58:15', '2023-07-10 01:58:15'),
(55, 7, 4, '2023-07-10 01:58:15', '2023-07-10 01:58:15'),
(56, 7, 10, '2023-07-10 01:58:15', '2023-07-10 01:58:15'),
(57, 7, 19, '2023-07-10 01:58:15', '2023-07-10 01:58:15'),
(58, 7, 26, '2023-07-10 01:58:15', '2023-07-10 01:58:15'),
(59, 7, 29, '2023-07-10 01:58:15', '2023-07-10 01:58:15'),
(60, 7, 31, '2023-07-10 01:58:15', '2023-07-10 01:58:15'),
(61, 7, 34, '2023-07-10 01:58:15', '2023-07-10 01:58:15'),
(62, 7, 42, '2023-07-10 01:58:15', '2023-07-10 01:58:15'),
(63, 7, 44, '2023-07-10 01:58:15', '2023-07-10 01:58:15'),
(64, 8, 4, '2023-07-10 01:58:15', '2023-07-10 01:58:15'),
(65, 8, 48, '2023-07-10 01:58:15', '2023-07-10 01:58:15'),
(66, 8, 21, '2023-07-10 01:58:15', '2023-07-10 01:58:15'),
(67, 8, 26, '2023-07-10 01:58:15', '2023-07-10 01:58:15'),
(68, 8, 29, '2023-07-10 01:58:15', '2023-07-10 01:58:15'),
(69, 8, 32, '2023-07-10 01:58:15', '2023-07-10 01:58:15'),
(70, 8, 34, '2023-07-10 01:58:15', '2023-07-10 01:58:15'),
(71, 8, 42, '2023-07-10 01:58:15', '2023-07-10 01:58:15'),
(72, 8, 44, '2023-07-10 01:58:15', '2023-07-10 01:58:15'),
(73, 9, 4, '2023-07-10 01:58:15', '2023-07-10 01:58:15'),
(74, 9, 10, '2023-07-10 01:58:15', '2023-07-10 01:58:15'),
(75, 9, 19, '2023-07-10 01:58:15', '2023-07-10 01:58:15'),
(76, 9, 26, '2023-07-10 01:58:15', '2023-07-10 01:58:15'),
(77, 9, 29, '2023-07-10 01:58:15', '2023-07-10 01:58:15'),
(78, 9, 33, '2023-07-10 01:58:15', '2023-07-10 01:58:15'),
(79, 9, 34, '2023-07-10 01:58:15', '2023-07-10 01:58:15'),
(80, 9, 42, '2023-07-10 01:58:15', '2023-07-10 01:58:15'),
(81, 9, 43, '2023-07-10 01:58:15', '2023-07-10 01:58:15'),
(82, 10, 4, '2023-07-10 01:58:15', '2023-07-10 01:58:15'),
(83, 10, 10, '2023-07-10 01:58:15', '2023-07-10 01:58:15'),
(84, 10, 19, '2023-07-10 01:58:15', '2023-07-10 01:58:15'),
(85, 10, 26, '2023-07-10 01:58:15', '2023-07-10 01:58:15'),
(86, 10, 29, '2023-07-10 01:58:15', '2023-07-10 01:58:15'),
(87, 10, 31, '2023-07-10 01:58:15', '2023-07-10 01:58:15'),
(88, 10, 34, '2023-07-10 01:58:15', '2023-07-10 01:58:15'),
(89, 10, 42, '2023-07-10 01:58:15', '2023-07-10 01:58:15'),
(90, 10, 45, '2023-07-10 01:58:15', '2023-07-10 01:58:15'),
(91, 11, 4, '2023-07-10 01:58:15', '2023-07-10 01:58:15'),
(92, 11, 10, '2023-07-10 01:58:15', '2023-07-10 01:58:15'),
(93, 11, 19, '2023-07-10 01:58:15', '2023-07-10 01:58:15'),
(94, 11, 25, '2023-07-10 01:58:15', '2023-07-10 01:58:15'),
(95, 11, 29, '2023-07-10 01:58:15', '2023-07-10 01:58:15'),
(96, 11, 31, '2023-07-10 01:58:15', '2023-07-10 01:58:15'),
(97, 11, 34, '2023-07-10 01:58:15', '2023-07-10 01:58:15'),
(98, 11, 42, '2023-07-10 01:58:15', '2023-07-10 01:58:15'),
(99, 11, 45, '2023-07-10 01:58:15', '2023-07-10 01:58:15'),
(100, 12, 4, '2023-07-10 01:58:15', '2023-07-10 01:58:15'),
(101, 12, 10, '2023-07-10 01:58:15', '2023-07-10 01:58:15'),
(102, 12, 19, '2023-07-10 01:58:15', '2023-07-10 01:58:15'),
(103, 12, 26, '2023-07-10 01:58:15', '2023-07-10 01:58:15'),
(104, 12, 29, '2023-07-10 01:58:15', '2023-07-10 01:58:15'),
(105, 12, 31, '2023-07-10 01:58:15', '2023-07-10 01:58:15'),
(106, 12, 34, '2023-07-10 01:58:15', '2023-07-10 01:58:15'),
(107, 12, 42, '2023-07-10 01:58:15', '2023-07-10 01:58:15'),
(108, 12, 45, '2023-07-10 01:58:15', '2023-07-10 01:58:15'),
(109, 13, 5, '2023-07-10 01:58:15', '2023-07-10 01:58:15'),
(110, 13, 10, '2023-07-10 01:58:15', '2023-07-10 01:58:15'),
(111, 13, 19, '2023-07-10 01:58:15', '2023-07-10 01:58:15'),
(112, 13, 26, '2023-07-10 01:58:15', '2023-07-10 01:58:15'),
(113, 13, 29, '2023-07-10 01:58:15', '2023-07-10 01:58:15'),
(114, 13, 33, '2023-07-10 01:58:15', '2023-07-10 01:58:15'),
(115, 13, 34, '2023-07-10 01:58:15', '2023-07-10 01:58:15'),
(116, 13, 42, '2023-07-10 01:58:15', '2023-07-10 01:58:15'),
(117, 13, 43, '2023-07-10 01:58:15', '2023-07-10 01:58:15'),
(118, 14, 3, '2023-07-10 01:58:15', '2023-07-10 01:58:15'),
(119, 14, 9, '2023-07-10 01:58:15', '2023-07-10 01:58:15'),
(120, 14, 17, '2023-07-10 01:58:15', '2023-07-10 01:58:15'),
(121, 14, 25, '2023-07-10 01:58:15', '2023-07-10 01:58:15'),
(122, 14, 29, '2023-07-10 01:58:15', '2023-07-10 01:58:15'),
(123, 14, 31, '2023-07-10 01:58:15', '2023-07-10 01:58:15'),
(124, 14, 34, '2023-07-10 01:58:15', '2023-07-10 01:58:15'),
(125, 14, 40, '2023-07-10 01:58:15', '2023-07-10 01:58:15'),
(126, 14, 46, '2023-07-10 01:58:15', '2023-07-10 01:58:15'),
(127, 15, 3, '2023-07-10 01:58:15', '2023-07-10 01:58:15'),
(128, 15, 9, '2023-07-10 01:58:15', '2023-07-10 01:58:15'),
(129, 15, 17, '2023-07-10 01:58:15', '2023-07-10 01:58:15'),
(130, 15, 24, '2023-07-10 01:58:15', '2023-07-10 01:58:15'),
(131, 15, 29, '2023-07-10 01:58:15', '2023-07-10 01:58:15'),
(132, 15, 31, '2023-07-10 01:58:15', '2023-07-10 01:58:15'),
(133, 15, 34, '2023-07-10 01:58:15', '2023-07-10 01:58:15'),
(134, 15, 40, '2023-07-10 01:58:15', '2023-07-10 01:58:15'),
(135, 15, 46, '2023-07-10 01:58:15', '2023-07-10 01:58:15'),
(136, 16, 4, '2023-07-10 01:58:15', '2023-07-10 01:58:15'),
(137, 16, 10, '2023-07-10 01:58:15', '2023-07-10 01:58:15'),
(138, 16, 17, '2023-07-10 01:58:15', '2023-07-10 01:58:15'),
(139, 16, 25, '2023-07-10 01:58:15', '2023-07-10 01:58:15'),
(140, 16, 29, '2023-07-10 01:58:15', '2023-07-10 01:58:15'),
(141, 16, 31, '2023-07-10 01:58:15', '2023-07-10 01:58:15'),
(142, 16, 34, '2023-07-10 01:58:15', '2023-07-10 01:58:15'),
(143, 16, 42, '2023-07-10 01:58:15', '2023-07-10 01:58:15'),
(144, 16, 44, '2023-07-10 01:58:15', '2023-07-10 01:58:15'),
(145, 17, 3, '2023-07-10 01:58:15', '2023-07-10 01:58:15'),
(146, 17, 8, '2023-07-10 01:58:15', '2023-07-10 01:58:15'),
(147, 17, 17, '2023-07-10 01:58:15', '2023-07-10 01:58:15'),
(148, 17, 24, '2023-07-10 01:58:15', '2023-07-10 01:58:15'),
(149, 17, 29, '2023-07-10 01:58:15', '2023-07-10 01:58:15'),
(150, 17, 31, '2023-07-10 01:58:15', '2023-07-10 01:58:15'),
(151, 17, 34, '2023-07-10 01:58:15', '2023-07-10 01:58:15'),
(152, 17, 41, '2023-07-10 01:58:15', '2023-07-10 01:58:15'),
(153, 17, 47, '2023-07-10 01:58:15', '2023-07-10 01:58:15'),
(154, 18, 5, '2023-07-10 01:58:15', '2023-07-10 01:58:15'),
(155, 18, 11, '2023-07-10 01:58:15', '2023-07-10 01:58:15'),
(156, 18, 21, '2023-07-10 01:58:15', '2023-07-10 01:58:15'),
(157, 18, 26, '2023-07-10 01:58:15', '2023-07-10 01:58:15'),
(158, 18, 29, '2023-07-10 01:58:15', '2023-07-10 01:58:15'),
(159, 18, 33, '2023-07-10 01:58:15', '2023-07-10 01:58:15'),
(160, 18, 34, '2023-07-10 01:58:15', '2023-07-10 01:58:15'),
(161, 18, 42, '2023-07-10 01:58:15', '2023-07-10 01:58:15'),
(162, 18, 43, '2023-07-10 01:58:15', '2023-07-10 01:58:15'),
(163, 19, 4, '2023-07-10 01:58:15', '2023-07-10 01:58:15'),
(164, 19, 10, '2023-07-10 01:58:15', '2023-07-10 01:58:15'),
(165, 19, 17, '2023-07-10 01:58:15', '2023-07-10 01:58:15'),
(166, 19, 25, '2023-07-10 01:58:15', '2023-07-10 01:58:15'),
(167, 19, 29, '2023-07-10 01:58:15', '2023-07-10 01:58:15'),
(168, 19, 31, '2023-07-10 01:58:15', '2023-07-10 01:58:15'),
(169, 19, 34, '2023-07-10 01:58:15', '2023-07-10 01:58:15'),
(170, 19, 41, '2023-07-10 01:58:15', '2023-07-10 01:58:15'),
(171, 19, 44, '2023-07-10 01:58:15', '2023-07-10 01:58:15'),
(172, 20, 4, '2023-07-10 01:58:15', '2023-07-10 01:58:15'),
(173, 20, 10, '2023-07-10 01:58:15', '2023-07-10 01:58:15'),
(174, 20, 19, '2023-07-10 01:58:15', '2023-07-10 01:58:15'),
(175, 20, 25, '2023-07-10 01:58:15', '2023-07-10 01:58:15'),
(176, 20, 29, '2023-07-10 01:58:15', '2023-07-10 01:58:15'),
(177, 20, 31, '2023-07-10 01:58:15', '2023-07-10 01:58:15'),
(178, 20, 34, '2023-07-10 01:58:15', '2023-07-10 01:58:15'),
(179, 20, 42, '2023-07-10 01:58:15', '2023-07-10 01:58:15'),
(180, 20, 44, '2023-07-10 01:58:15', '2023-07-10 01:58:15'),
(181, 21, 3, '2023-07-10 01:58:15', '2023-07-10 01:58:15'),
(182, 21, 8, '2023-07-10 01:58:15', '2023-07-10 01:58:15'),
(183, 21, 17, '2023-07-10 01:58:15', '2023-07-10 01:58:15'),
(184, 21, 24, '2023-07-10 01:58:15', '2023-07-10 01:58:15'),
(185, 21, 29, '2023-07-10 01:58:15', '2023-07-10 01:58:15'),
(186, 21, 31, '2023-07-10 01:58:15', '2023-07-10 01:58:15'),
(187, 21, 34, '2023-07-10 01:58:15', '2023-07-10 01:58:15'),
(188, 21, 41, '2023-07-10 01:58:15', '2023-07-10 01:58:15'),
(189, 21, 46, '2023-07-10 01:58:15', '2023-07-10 01:58:15'),
(190, 22, 4, '2023-07-10 01:58:15', '2023-07-10 01:58:15'),
(191, 22, 48, '2023-07-10 01:58:15', '2023-07-10 01:58:15'),
(192, 22, 21, '2023-07-10 01:58:15', '2023-07-10 01:58:15'),
(193, 22, 25, '2023-07-10 01:58:15', '2023-07-10 01:58:15'),
(194, 22, 29, '2023-07-10 01:58:15', '2023-07-10 01:58:15'),
(195, 22, 31, '2023-07-10 01:58:15', '2023-07-10 01:58:15'),
(196, 22, 34, '2023-07-10 01:58:15', '2023-07-10 01:58:15'),
(197, 22, 42, '2023-07-10 01:58:15', '2023-07-10 01:58:15'),
(198, 22, 45, '2023-07-10 01:58:15', '2023-07-10 01:58:15'),
(199, 23, 3, '2023-07-10 01:58:15', '2023-07-10 01:58:15'),
(200, 23, 9, '2023-07-10 01:58:15', '2023-07-10 01:58:15'),
(201, 23, 17, '2023-07-10 01:58:15', '2023-07-10 01:58:15'),
(202, 23, 24, '2023-07-10 01:58:15', '2023-07-10 01:58:15'),
(203, 23, 29, '2023-07-10 01:58:15', '2023-07-10 01:58:15'),
(204, 23, 31, '2023-07-10 01:58:15', '2023-07-10 01:58:15'),
(205, 23, 34, '2023-07-10 01:58:15', '2023-07-10 01:58:15'),
(206, 23, 40, '2023-07-10 01:58:15', '2023-07-10 01:58:15'),
(207, 23, 46, '2023-07-10 01:58:15', '2023-07-10 01:58:15'),
(208, 24, 4, '2023-07-10 01:58:15', '2023-07-10 01:58:15'),
(209, 24, 10, '2023-07-10 01:58:15', '2023-07-10 01:58:15'),
(210, 24, 17, '2023-07-10 01:58:15', '2023-07-10 01:58:15'),
(211, 24, 25, '2023-07-10 01:58:15', '2023-07-10 01:58:15'),
(212, 24, 29, '2023-07-10 01:58:15', '2023-07-10 01:58:15'),
(213, 24, 33, '2023-07-10 01:58:15', '2023-07-10 01:58:15'),
(214, 24, 34, '2023-07-10 01:58:15', '2023-07-10 01:58:15'),
(215, 24, 41, '2023-07-10 01:58:15', '2023-07-10 01:58:15'),
(216, 24, 44, '2023-07-10 01:58:15', '2023-07-10 01:58:15'),
(217, 25, 3, '2023-07-10 01:58:15', '2023-07-10 01:58:15'),
(218, 25, 9, '2023-07-10 01:58:15', '2023-07-10 01:58:15'),
(219, 25, 17, '2023-07-10 01:58:15', '2023-07-10 01:58:15'),
(220, 25, 24, '2023-07-10 01:58:15', '2023-07-10 01:58:15'),
(221, 25, 29, '2023-07-10 01:58:15', '2023-07-10 01:58:15'),
(222, 25, 31, '2023-07-10 01:58:15', '2023-07-10 01:58:15'),
(223, 25, 34, '2023-07-10 01:58:15', '2023-07-10 01:58:15'),
(224, 25, 41, '2023-07-10 01:58:15', '2023-07-10 01:58:15'),
(225, 25, 46, '2023-07-10 01:58:15', '2023-07-10 01:58:15'),
(226, 26, 4, '2023-07-10 01:58:15', '2023-07-10 01:58:15'),
(227, 26, 13, '2023-07-10 01:58:15', '2023-07-10 01:58:15'),
(228, 26, 19, '2023-07-10 01:58:15', '2023-07-10 01:58:15'),
(229, 26, 25, '2023-07-10 01:58:15', '2023-07-10 01:58:15'),
(230, 26, 29, '2023-07-10 01:58:15', '2023-07-10 01:58:15'),
(231, 26, 31, '2023-07-10 01:58:15', '2023-07-10 01:58:15'),
(232, 26, 34, '2023-07-10 01:58:15', '2023-07-10 01:58:15'),
(233, 26, 41, '2023-07-10 01:58:15', '2023-07-10 01:58:15'),
(234, 26, 46, '2023-07-10 01:58:15', '2023-07-10 01:58:15'),
(235, 27, 4, '2023-07-10 01:58:15', '2023-07-10 01:58:15'),
(236, 27, 10, '2023-07-10 01:58:15', '2023-07-10 01:58:15'),
(237, 27, 17, '2023-07-10 01:58:15', '2023-07-10 01:58:15'),
(238, 27, 25, '2023-07-10 01:58:15', '2023-07-10 01:58:15'),
(239, 27, 29, '2023-07-10 01:58:15', '2023-07-10 01:58:15'),
(240, 27, 31, '2023-07-10 01:58:15', '2023-07-10 01:58:15'),
(241, 27, 34, '2023-07-10 01:58:15', '2023-07-10 01:58:15'),
(242, 27, 41, '2023-07-10 01:58:15', '2023-07-10 01:58:15'),
(243, 27, 45, '2023-07-10 01:58:15', '2023-07-10 01:58:15'),
(244, 28, 4, '2023-07-10 01:58:15', '2023-07-10 01:58:15'),
(245, 28, 10, '2023-07-10 01:58:15', '2023-07-10 01:58:15'),
(246, 28, 17, '2023-07-10 01:58:15', '2023-07-10 01:58:15'),
(247, 28, 25, '2023-07-10 01:58:15', '2023-07-10 01:58:15'),
(248, 28, 29, '2023-07-10 01:58:15', '2023-07-10 01:58:15'),
(249, 28, 32, '2023-07-10 01:58:15', '2023-07-10 01:58:15'),
(250, 28, 34, '2023-07-10 01:58:15', '2023-07-10 01:58:15'),
(251, 28, 41, '2023-07-10 01:58:15', '2023-07-10 01:58:15'),
(252, 28, 44, '2023-07-10 01:58:15', '2023-07-10 01:58:15'),
(253, 29, 4, '2023-07-10 01:58:15', '2023-07-10 01:58:15'),
(254, 29, 10, '2023-07-10 01:58:15', '2023-07-10 01:58:15'),
(255, 29, 19, '2023-07-10 01:58:15', '2023-07-10 01:58:15'),
(256, 29, 25, '2023-07-10 01:58:15', '2023-07-10 01:58:15'),
(257, 29, 29, '2023-07-10 01:58:15', '2023-07-10 01:58:15'),
(258, 29, 32, '2023-07-10 01:58:15', '2023-07-10 01:58:15'),
(259, 29, 36, '2023-07-10 01:58:15', '2023-07-10 01:58:15'),
(260, 29, 42, '2023-07-10 01:58:15', '2023-07-10 01:58:15'),
(261, 29, 45, '2023-07-10 01:58:15', '2023-07-10 01:58:15'),
(262, 30, 4, '2023-07-10 01:58:15', '2023-07-10 01:58:15'),
(263, 30, 48, '2023-07-10 01:58:15', '2023-07-10 01:58:15'),
(264, 30, 21, '2023-07-10 01:58:15', '2023-07-10 01:58:15'),
(265, 30, 26, '2023-07-10 01:58:15', '2023-07-10 01:58:15'),
(266, 30, 29, '2023-07-10 01:58:15', '2023-07-10 01:58:15'),
(267, 30, 31, '2023-07-10 01:58:15', '2023-07-10 01:58:15'),
(268, 30, 36, '2023-07-10 01:58:15', '2023-07-10 01:58:15'),
(269, 30, 41, '2023-07-10 01:58:15', '2023-07-10 01:58:15'),
(270, 30, 45, '2023-07-10 01:58:15', '2023-07-10 01:58:15');

-- --------------------------------------------------------

--
-- Table structure for table `personal_access_tokens`
--

CREATE TABLE `personal_access_tokens` (
  `id` bigint(20) UNSIGNED NOT NULL,
  `tokenable_type` varchar(255) COLLATE utf8mb4_unicode_ci NOT NULL,
  `tokenable_id` bigint(20) UNSIGNED NOT NULL,
  `name` varchar(255) COLLATE utf8mb4_unicode_ci NOT NULL,
  `token` varchar(64) COLLATE utf8mb4_unicode_ci NOT NULL,
  `abilities` text COLLATE utf8mb4_unicode_ci DEFAULT NULL,
  `last_used_at` timestamp NULL DEFAULT NULL,
  `expires_at` timestamp NULL DEFAULT NULL,
  `created_at` timestamp NULL DEFAULT NULL,
  `updated_at` timestamp NULL DEFAULT NULL
) ENGINE=InnoDB DEFAULT CHARSET=utf8mb4 COLLATE=utf8mb4_unicode_ci;

-- --------------------------------------------------------

--
-- Table structure for table `subkriteria`
--

CREATE TABLE `subkriteria` (
  `id` bigint(20) UNSIGNED NOT NULL,
  `kriteria_id` bigint(20) UNSIGNED NOT NULL,
  `nama_subkriteria` varchar(191) COLLATE utf8mb4_unicode_ci NOT NULL,
  `bobot` float NOT NULL,
  `created_at` timestamp NULL DEFAULT NULL,
  `updated_at` timestamp NULL DEFAULT NULL
) ENGINE=InnoDB DEFAULT CHARSET=utf8mb4 COLLATE=utf8mb4_unicode_ci;

--
-- Dumping data for table `subkriteria`
--

INSERT INTO `subkriteria` (`id`, `kriteria_id`, `nama_subkriteria`, `bobot`, `created_at`, `updated_at`) VALUES
(1, 1, 'Kapasitas RAM < 4GB', 1, '2023-07-09 21:35:20', '2023-07-10 01:23:11'),
(2, 1, '4GB ≤ Kapasitas RAM < 8GB', 2, '2023-07-09 21:35:45', '2023-07-09 21:35:45'),
(3, 1, '8GB ≤ Kapasitas RAM < 16GB', 4, '2023-07-09 21:36:07', '2023-07-09 21:36:07'),
(4, 1, '16GB ≤ Kapasitas RAM < 32GB', 6, '2023-07-09 21:36:37', '2023-07-09 21:36:37'),
(5, 1, 'Kapasitas RAM ≥ 32GB', 8, '2023-07-09 21:36:58', '2023-07-09 21:36:58'),
(6, 2, 'Intel Pentium', 1, '2023-07-09 21:42:41', '2023-07-10 01:23:32'),
(7, 2, 'Intel Celeron', 1, '2023-07-09 21:42:48', '2023-07-10 01:23:41'),
(8, 2, 'Intel Core i3', 2, '2023-07-09 21:43:11', '2023-07-09 21:43:11'),
(9, 2, 'Intel Core i5', 4, '2023-07-09 21:44:09', '2023-07-09 21:44:09'),
(10, 2, 'Intel Core i7', 6, '2023-07-09 21:44:47', '2023-07-09 21:44:47'),
(11, 2, 'Intel Core i9', 8, '2023-07-09 21:44:55', '2023-07-09 21:44:55'),
(12, 2, 'AMD Ryzen 3', 2, '2023-07-09 21:45:02', '2023-07-09 22:18:00'),
(13, 2, 'AMD Ryzen 5', 4, '2023-07-09 21:45:14', '2023-07-09 22:18:15'),
(14, 3, '2 Core, 2 Thread', 1, '2023-07-09 21:46:59', '2023-07-10 01:23:58'),
(15, 3, '2 Core, 4 Thread', 1, '2023-07-09 21:47:08', '2023-07-09 21:47:08'),
(16, 3, '4 Core, 4 Thread', 2, '2023-07-09 21:47:17', '2023-07-09 21:47:17'),
(17, 3, '4 Core, 8 Thread', 3, '2023-07-09 21:47:26', '2023-07-09 21:47:26'),
(18, 3, '6 Core, 6 Thread', 4, '2023-07-09 21:47:38', '2023-07-09 21:47:38'),
(19, 3, '6 Core, 12 Thread', 5, '2023-07-09 21:47:46', '2023-07-09 21:47:46'),
(20, 3, '8 Core, 8 Thread', 6, '2023-07-09 21:47:54', '2023-07-09 21:47:54'),
(21, 3, '8 Core, 16 Thread', 7, '2023-07-09 21:48:31', '2023-07-09 21:48:31'),
(22, 3, '10 Core, 20 Thread', 8, '2023-07-09 21:49:08', '2023-07-09 21:49:08'),
(23, 4, 'Kapasitas Penyimpanan < 256GB', 2, '2023-07-09 21:51:11', '2023-07-09 21:51:11'),
(24, 4, '256GB ≤ Kapasitas Penyimpanan < 512GB', 4, '2023-07-09 21:51:29', '2023-07-09 21:51:29'),
(25, 4, '512GB ≤ Kapasitas Penyimpanan < 1TB', 6, '2023-07-09 21:51:43', '2023-07-09 21:51:43'),
(26, 4, '1TB ≤ Kapasitas Penyimpanan < 2TB', 8, '2023-07-09 21:52:08', '2023-07-09 21:52:08'),
(27, 4, 'Kapasitas Penyimpanan ≥ 2TB', 10, '2023-07-09 21:52:23', '2023-07-09 21:52:23'),
(28, 5, 'HDD', 2, '2023-07-09 21:52:35', '2023-07-09 21:52:35'),
(29, 5, 'SSD', 8, '2023-07-09 21:52:38', '2023-07-09 21:52:38'),
(30, 6, 'HD (1280x720)', 2, '2023-07-09 21:54:10', '2023-07-09 21:54:10'),
(31, 6, 'Full HD (1920x1080)', 4, '2023-07-09 21:56:37', '2023-07-09 21:56:37'),
(32, 6, 'Quad HD (2560x1440)', 6, '2023-07-09 21:56:53', '2023-07-09 21:56:53'),
(33, 6, 'Ultra HD/4K (3840x2160)', 8, '2023-07-09 21:57:12', '2023-07-09 21:57:12'),
(34, 7, 'Berat ≥ 2 Kg', 1, '2023-07-09 21:58:26', '2023-07-10 01:24:43'),
(35, 7, '1.5 Kg ≤ Berat < 2 Kg', 2, '2023-07-09 21:59:54', '2023-07-09 21:59:54'),
(36, 7, '1 Kg ≤ Berat < 1.5 Kg', 4, '2023-07-09 22:00:25', '2023-07-09 22:00:25'),
(37, 7, 'Berat < 1 Kg', 6, '2023-07-09 22:00:35', '2023-07-09 22:00:35'),
(38, 8, 'Kapasitas Baterai < 30 watt-hour', 1, '2023-07-09 22:01:16', '2023-07-10 01:24:53'),
(39, 8, '30 watt-hour ≤ Kapasitas Baterai < 40 watt-hour', 2, '2023-07-09 22:02:55', '2023-07-09 22:02:55'),
(40, 8, '40 watt-hour ≤ Kapasitas Baterai < 50 watt-hour', 4, '2023-07-09 22:03:15', '2023-07-09 22:03:15'),
(41, 8, '50 watt-hour ≤ Kapasitas Baterai < 60 watt-hour', 6, '2023-07-09 22:03:35', '2023-07-09 22:03:35'),
(42, 8, 'Kapasitas Baterai ≥ 60 watt-hour', 8, '2023-07-09 22:03:54', '2023-07-09 22:03:54'),
(43, 9, 'Harga ≥ Rp20.000.000', 1, '2023-07-09 22:04:13', '2023-07-10 01:25:14'),
(44, 9, 'Rp15.000.000 ≤ Harga < Rp20.000.000', 2, '2023-07-09 22:04:22', '2023-07-09 22:04:22'),
(45, 9, 'Rp10.000.000 ≤ Harga < Rp15.000.000', 4, '2023-07-09 22:04:30', '2023-07-09 22:04:30'),
(46, 9, 'Rp5.000.000 ≤ Harga < Rp10.000.000', 6, '2023-07-09 22:04:39', '2023-07-09 22:04:39'),
(47, 9, 'Harga < Rp5.000.000', 8, '2023-07-09 22:04:50', '2023-07-09 22:04:50'),
(48, 2, 'AMD Ryzen 7', 6, '2023-07-09 22:18:33', '2023-07-09 22:18:33'),
(49, 2, 'AMD Ryzen 9', 8, '2023-07-09 22:18:54', '2023-07-09 22:18:54'),
(50, 2, 'Apple M1', 6, '2023-07-09 22:21:11', '2023-07-09 22:21:11'),
(51, 2, 'Apple M2', 8, '2023-07-09 22:21:21', '2023-07-09 22:21:21');

-- --------------------------------------------------------

--
-- Table structure for table `users`
--

CREATE TABLE `users` (
  `id` bigint(20) UNSIGNED NOT NULL,
  `name` varchar(191) COLLATE utf8mb4_unicode_ci NOT NULL,
  `email` varchar(191) COLLATE utf8mb4_unicode_ci NOT NULL,
  `email_verified_at` timestamp NULL DEFAULT NULL,
  `password` varchar(191) COLLATE utf8mb4_unicode_ci NOT NULL,
  `remember_token` varchar(100) COLLATE utf8mb4_unicode_ci DEFAULT NULL,
  `created_at` timestamp NULL DEFAULT NULL,
  `updated_at` timestamp NULL DEFAULT NULL
) ENGINE=InnoDB DEFAULT CHARSET=utf8mb4 COLLATE=utf8mb4_unicode_ci;

--
-- Dumping data for table `users`
--

INSERT INTO `users` (`id`, `name`, `email`, `email_verified_at`, `password`, `remember_token`, `created_at`, `updated_at`) VALUES
(1, 'Administrator', 'admin@gmail.com', NULL, '$2y$10$7yodNDaQdW2aWkdmheO8aOY3LykThhg5fmPycaoOtYkOLG5q8hEc.', NULL, NULL, NULL);

--
-- Indexes for dumped tables
--

--
-- Indexes for table `alternatif`
--
ALTER TABLE `alternatif`
  ADD PRIMARY KEY (`id`);

--
-- Indexes for table `failed_jobs`
--
ALTER TABLE `failed_jobs`
  ADD PRIMARY KEY (`id`),
  ADD UNIQUE KEY `failed_jobs_uuid_unique` (`uuid`);

--
-- Indexes for table `kriteria`
--
ALTER TABLE `kriteria`
  ADD PRIMARY KEY (`id`);

--
-- Indexes for table `migrations`
--
ALTER TABLE `migrations`
  ADD PRIMARY KEY (`id`);

--
-- Indexes for table `password_reset_tokens`
--
ALTER TABLE `password_reset_tokens`
  ADD PRIMARY KEY (`email`);

--
-- Indexes for table `penilaian`
--
ALTER TABLE `penilaian`
  ADD PRIMARY KEY (`id`);

--
-- Indexes for table `personal_access_tokens`
--
ALTER TABLE `personal_access_tokens`
  ADD PRIMARY KEY (`id`),
  ADD UNIQUE KEY `personal_access_tokens_token_unique` (`token`),
  ADD KEY `personal_access_tokens_tokenable_type_tokenable_id_index` (`tokenable_type`,`tokenable_id`);

--
-- Indexes for table `subkriteria`
--
ALTER TABLE `subkriteria`
  ADD PRIMARY KEY (`id`);

--
-- Indexes for table `users`
--
ALTER TABLE `users`
  ADD PRIMARY KEY (`id`),
  ADD UNIQUE KEY `users_email_unique` (`email`);

--
-- AUTO_INCREMENT for dumped tables
--

--
-- AUTO_INCREMENT for table `alternatif`
--
ALTER TABLE `alternatif`
  MODIFY `id` bigint(20) UNSIGNED NOT NULL AUTO_INCREMENT, AUTO_INCREMENT=31;

--
-- AUTO_INCREMENT for table `failed_jobs`
--
ALTER TABLE `failed_jobs`
  MODIFY `id` bigint(20) UNSIGNED NOT NULL AUTO_INCREMENT;

--
-- AUTO_INCREMENT for table `kriteria`
--
ALTER TABLE `kriteria`
  MODIFY `id` bigint(20) UNSIGNED NOT NULL AUTO_INCREMENT, AUTO_INCREMENT=10;

--
-- AUTO_INCREMENT for table `migrations`
--
ALTER TABLE `migrations`
  MODIFY `id` int(10) UNSIGNED NOT NULL AUTO_INCREMENT, AUTO_INCREMENT=9;

--
-- AUTO_INCREMENT for table `penilaian`
--
ALTER TABLE `penilaian`
  MODIFY `id` bigint(20) UNSIGNED NOT NULL AUTO_INCREMENT, AUTO_INCREMENT=271;

--
-- AUTO_INCREMENT for table `personal_access_tokens`
--
ALTER TABLE `personal_access_tokens`
  MODIFY `id` bigint(20) UNSIGNED NOT NULL AUTO_INCREMENT;

--
-- AUTO_INCREMENT for table `subkriteria`
--
ALTER TABLE `subkriteria`
  MODIFY `id` bigint(20) UNSIGNED NOT NULL AUTO_INCREMENT, AUTO_INCREMENT=52;

--
-- AUTO_INCREMENT for table `users`
--
ALTER TABLE `users`
  MODIFY `id` bigint(20) UNSIGNED NOT NULL AUTO_INCREMENT, AUTO_INCREMENT=2;
COMMIT;

/*!40101 SET CHARACTER_SET_CLIENT=@OLD_CHARACTER_SET_CLIENT */;
/*!40101 SET CHARACTER_SET_RESULTS=@OLD_CHARACTER_SET_RESULTS */;
/*!40101 SET COLLATION_CONNECTION=@OLD_COLLATION_CONNECTION */;
